partyid,partytype,firstname,lastname,sex,dob,nationalid,maritalstatus,annualincome,occupation,companyname,phonenumber,email,addressstreet,city,state,zip,country,lastupdated,srcsystemid
C0000001,IND,Jacob,Walker,M,1947-07-17,203-32-6034,married,21505,"Engineer, materials",Howard-Simmons,447-513-6675,rangellisa@gmail.com,40847 Deanna Greens Suite 042,Little Rock,AR,72000-0000,US,06/07/2023 11:57:22,C25
C0000003,IND,Irina,Haley,F,2021-10-06,483-72-9493,single,135183,Furniture designer,"Harris, Ford and Delgado",609-310-9474,navarrosamantha@gmail.com,309 International Avenue,Fargo,ND,58298-0000,US,06/07/2023 11:57:22,C25
C0000004,IND,Tanya,Farrell,F,2020-05-14,457-86-6988,married,53821,"Scientist, research (maths)","Morrow, Garcia and Lopez",459-760-8821,makayla75@gmail.com,28217 Shannon Plains Suite 397,Charlotte,NC,28370-0000,US,06/07/2023 11:57:22,C25
C0000005,IND,Trav,H,M,2019-09-04,537-99-8884,single,183371,Water engineer,Roy Inc,475-510-9636,jeremyadams@hotmail.com,12412 Davis Springs,New Orleans,LA,70498-0000,US,06/07/2023 11:57:22,C25
C0000006,IND,Jonathan,D,M,1943-12-20,046-37-2642,single,62057,Television camera operator,"Luna, Dawson and Garcia",298-196-1305,phillipslisa@gmail.com,922 Rita Stravenue,Charleston,SC,29678-0000,US,06/07/2023 11:57:22,C25
C0000007,IND,Tim,Bowman,M,2016-02-24,028-42-1807,single,32263,Commercial horticulturist,Nguyen-Stevens,673-792-3565,phelpswhitney@yahoo.com,867 Wheeler Underpass,Des Moines,IA,51792-0000,US,06/07/2023 11:57:22,C25
C0000018,IND,Deb,Lew,F,2008-10-29,310-78-9762,single,162119,"Scientist, clinical (histocompatibility and immunogenetics)",Miller-Campbell,520-345-9299,robin_deb@hotmail.com,6264 Robinson Branch,Bend,OR,97394-0000,US,06/07/2023 11:57:22,C25
C0000019,IND,James,Steele,M,1947-07-01,078-09-4316,divorced,415723,"Surveyor, commercial/residential",Morgan-Wong,132-679-3284,henrykaren@gmail.com,42131 Mark Loop,Springfield,MO,63232-0000,US,06/07/2023 11:57:22,C25
C0000020,IND,Devon,Martin,M,1962-09-08,626-36-4805,married,168341,Insurance risk surveyor,Choi-Cole,156-802-8451,alowe@hotmail.com,176 Spence Loop,Newark,NJ,07339-0000,US,06/07/2023 11:57:22,C25
